MÊS;Tipo;Responsável;Subgrupo OXR;Grupo OXR;Descrição Conta;Grupo Conta;Evento;Tipo Evento;Valor;Valor Final;Real x Orç;Orçado;Real;Lote;Documento;Mês Ref.;Filial;Lançamento;Data;DC;Conta Contábil;Classe;Valor2;Historico;Centro Custo;Nome C. Custo;Valor C.Custo;Origem;RH?;Estrutura;Coluna2;Coluna1;Conta
Jan;CUSTEIO;Cesar;UTILIDADES;CONSUMO DE UTILIDADES;COMBUSTÍVEL;CONSUMO DE UTILIDADES;0;;500;500;Orçado;500;0;Orçado;0;1;00:00:00;00:00:00;01/01/2026;D;3.2.2.05.002;Analitica;500;Abastecimento geradores;1.08.01;Tecnologia da Informação;500;Orçamento;Não;3.2.2.05.002 - COMBUSTÍVEL;3.2.2.05.002 - 1.08.01;3.2.2.05.002 - 1.08.01 - Cesar;0
Jan;CUSTEIO;Cesar;UTILIDADES;CONSUMO DE UTILIDADES;COMBUSTÍVEL;CONSUMO DE UTILIDADES;0;;625,8;625,8;Orçado;625,8;0;Orçado;0;1;00:00:00;00:00:00;01/01/2026;D;3.2.2.05.002;Analitica;625,8;Despesa com combustível;1.08.01;Tecnologia da Informação;625,8;Orçamento;Não;3.2.2.05.002 - COMBUSTÍVEL;3.2.2.05.002 - 1.08.01;3.2.2.05.002 - 1.08.01 - Cesar;0
Jan;CUSTEIO;Cesar;MANUTENÇÃO PREDIAL, ELÉTRICA, HIDR, MÁQUINAS, VEÍCULOS;DESPESAS DE BENS E SERVIÇOS;MANUTENÇÃO DE MÁQ. E EQUIP.;DESPESAS DE BENS E SERVIÇOS;0;;1250;1250;Orçado;1250;0;Orçado;0;1;00:00:00;00:00:00;01/01/2026;D;3.2.2.01.015;Analitica;1250;Manutenção sistema de incendio CPD e POP;1.08.01;Tecnologia da Informação;1250;Orçamento;Não;3.2.2.01.015 - MANUTENÇÃO DE MÁQ. E EQUIP.;3.2.2.01.015 - 1.08.01;3.2.2.01.015 - 1.08.01 - Cesar;0
Jan;CUSTEIO;Cesar;MANUTENÇÃO PREDIAL, ELÉTRICA, HIDR, MÁQUINAS, VEÍCULOS;DESPESAS DE BENS E SERVIÇOS;MANUTENÇÃO DE MÁQ. E EQUIP.;DESPESAS DE BENS E SERVIÇOS;0;;10000;10000;Orçado;10000;0;Orçado;0;1;00:00:00;00:00:00;01/01/2026;D;3.2.2.01.015;Analitica;10000;Manutenção geradores;1.08.01;Tecnologia da Informação;10000;Orçamento;Não;3.2.2.01.015 - MANUTENÇÃO DE MÁQ. E EQUIP.;3.2.2.01.015 - 1.08.01;3.2.2.01.015 - 1.08.01 - Cesar;0
Jan;CUSTEIO;Cesar;LOCAÇÕES DE MÁQUINAS, EQUIPS, VEÍC.;ALUGUEIS E LOCAÇÕES;LOCAÇÃO EQUIPAMENTOS DIVERSOS;ALUGUEIS E LOCAÇÕES;0;;370;370;Orçado;370;0;Orçado;0;1;00:00:00;00:00:00;01/01/2026;D;3.2.2.04.006;Analitica;370;Locação das máquinas de café;1.08.01;Tecnologia da Informação;370;Orçamento;Não;3.2.2.04.006 - LOCAÇÃO EQUIPAMENTOS DIVERSOS;3.2.2.04.006 - 1.08.01;3.2.2.04.006 - 1.08.01 - Cesar;0
Jan;CUSTEIO;Cesar;LOCAÇÕES DE MÁQUINAS, EQUIPS, VEÍC.;ALUGUEIS E LOCAÇÕES;LOCAÇÃO DE VEÍCULOS;ALUGUEIS E LOCAÇÕES;0;;2198,79;2198,79;Orçado;2198,79;0;Orçado;0;1;00:00:00;00:00:00;01/01/2026;D;3.2.2.04.008;Analitica;2198,79;Contrato de locação de veículos;1.08.01;Tecnologia da Informação;2198,79;Orçamento;Não;3.2.2.04.008 - LOCAÇÃO DE VEÍCULOS;3.2.2.04.008 - 1.08.01;3.2.2.04.008 - 1.08.01 - Cesar;0
Jan;CUSTEIO;Cesar;MANUTENÇÃO PREDIAL, ELÉTRICA, HIDR, MÁQUINAS, VEÍCULOS;DESPESAS DE BENS E SERVIÇOS;MANUTENÇÃO DE VEÍCULOS;DESPESAS DE BENS E SERVIÇOS;0;;260,75;260,75;Orçado;260,75;0;Orçado;0;1;00:00:00;00:00:00;01/01/2026;D;3.2.2.01.014;Analitica;260,75;Serviço de lavagem dos veículos;1.08.01;Tecnologia da Informação;260,75;Orçamento;Não;3.2.2.01.014 - MANUTENÇÃO DE VEÍCULOS;3.2.2.01.014 - 1.08.01;3.2.2.01.014 - 1.08.01 - Cesar;1
Jan;CUSTEIO;Cesar;OUTROS RECEBIMENTOS;OUTROS REEMBOLSOS;REEMB. INTERNET E TELEFONIA;OUTROS REEMBOLSOS;0;;-1818,118848;1818,118848;Orçado;-1818,118848;0;Orçado;0;1;00:00:00;00:00:00;01/01/2026;C;3.1.1.08.017;Analitica;-1818,118848;REEMB. INTERNET E TELEFONIA;1.08.01;Tecnologia da Informação;-1818,118848;Orçamento;Não;3.1.1.08.017 - REEMB. INTERNET E TELEFONIA;3.1.1.08.017 - 1.08.01;3.1.1.08.017 - 1.08.01 - Cesar;0
Jan;CUSTEIO;Cesar;OUTROS RECEBIMENTOS;OUTROS REEMBOLSOS;LOCAÇÃO DE ÁREAS;OUTROS REEMBOLSOS;0;;-30689,77937;30689,77937;Orçado;-30689,77937;0;Orçado;0;1;00:00:00;00:00:00;01/01/2026;C;3.1.1.08.003;Analitica;-30689,77937;LOCAÇÃO DE ÁREAS;1.08.01;Tecnologia da Informação;-30689,77937;Orçamento;Não;3.1.1.08.003 - LOCAÇÃO DE ÁREAS;3.1.1.08.003 - 1.08.01;3.1.1.08.003 - 1.08.01 - Cesar;1
Jan;CUSTEIO;Cesar;UTILIDADES;OUTROS REEMBOLSOS;CONSUMO TELEFONE ASSOCIADOS;OUTROS REEMBOLSOS;0;;-196;196;Orçado;-196;0;Orçado;0;1;00:00:00;00:00:00;01/01/2026;C;3.1.1.08.006;Analitica;-196;CONSUMO TELEFONE ASSOCIADOS;1.08.01;Tecnologia da Informação;-196;Orçamento;Não;3.1.1.08.006 - CONSUMO TELEFONE ASSOCIADOS;3.1.1.08.006 - 1.08.01;3.1.1.08.006 - 1.08.01 - Cesar;0
Jan;CUSTEIO;Cesar;SERVIÇOS ADMINISTRATIVOS;DESPESAS DE BENS E SERVIÇOS;MANUTENÇÃO APLICATIVOS E SITES;DESPESAS DE BENS E SERVIÇOS;0;;850;850;Orçado;850;0;Orçado;0;1;00:00:00;00:00:00;01/01/2026;D;3.2.2.01.022;Analitica;850;PLATAFORMA MONITORAMENTO REQUISITOS LEGAIS E NORMATIVOS;1.08.01;Tecnologia da Informação;850;Orçamento;Não;3.2.2.01.022 - MANUTENÇÃO APLICATIVOS E SITES;3.2.2.01.022 - 1.08.01;3.2.2.01.022 - 1.08.01 - Cesar;0
Jan;CUSTEIO;Cesar;DESPESAS ADMINISTRATIVAS;DESPESAS ADMINISTRATIVAS;MATERIAL DE INFORMÁTICA;DESPESAS ADMINISTRATIVAS;0;;1250;1250;Orçado;1250;0;Orçado;0;1;00:00:00;00:00:00;01/01/2026;D;3.2.2.06.003;Analitica;1250;Aparelhos telefonicos;1.08.01;Tecnologia da Informação;1250;Orçamento;Não;3.2.2.06.003 - MATERIAL DE INFORMÁTICA;3.2.2.06.003 - 1.08.01;3.2.2.06.003 - 1.08.01 - Cesar;0
Jan;CUSTEIO;Cesar;DESPESAS ADMINISTRATIVAS;DESPESAS ADMINISTRATIVAS;MATERIAL DE INFORMÁTICA;DESPESAS ADMINISTRATIVAS;0;;833,33;833,33;Orçado;833,33;0;Orçado;0;1;00:00:00;00:00:00;01/01/2026;D;3.2.2.06.003;Analitica;833,33;Peças sobreçalentes computadores;1.08.01;Tecnologia da Informação;833,33;Orçamento;Não;3.2.2.06.003 - MATERIAL DE INFORMÁTICA;3.2.2.06.003 - 1.08.01;3.2.2.06.003 - 1.08.01 - Cesar;0
Jan;CUSTEIO;Cesar;DESPESAS ADMINISTRATIVAS;DESPESAS ADMINISTRATIVAS;MATERIAL DE INFORMÁTICA;DESPESAS ADMINISTRATIVAS;0;;259,08;259,08;Orçado;259,08;0;Orçado;0;1;00:00:00;00:00:00;01/01/2026;D;3.2.2.06.003;Analitica;259,08;Suporte para TV Multiarticulado;1.08.01;Tecnologia da Informação;259,08;Orçamento;Não;3.2.2.06.003 - MATERIAL DE INFORMÁTICA;3.2.2.06.003 - 1.08.01;3.2.2.06.003 - 1.08.01 - Cesar;0
Jan;CUSTEIO;Cesar;DESPESAS ADMINISTRATIVAS;DESPESAS ADMINISTRATIVAS;MATERIAL DE INFORMÁTICA;DESPESAS ADMINISTRATIVAS;0;;325;325;Orçado;325;0;Orçado;0;1;00:00:00;00:00:00;01/01/2026;D;3.2.2.06.003;Analitica;325;Insumos telefonia;1.08.01;Tecnologia da Informação;325;Orçamento;Não;3.2.2.06.003 - MATERIAL DE INFORMÁTICA;3.2.2.06.003 - 1.08.01;3.2.2.06.003 - 1.08.01 - Cesar;0
Jan;CUSTEIO;Cesar;DESPESAS ADMINISTRATIVAS;DESPESAS ADMINISTRATIVAS;MATERIAL DE INFORMÁTICA;DESPESAS ADMINISTRATIVAS;0;;645,21;645,21;Orçado;645,21;0;Orçado;0;1;00:00:00;00:00:00;01/01/2026;D;3.2.2.06.003;Analitica;645,21;CAIXA HERMETICA 30X30;1.08.01;Tecnologia da Informação;645,21;Orçamento;Não;3.2.2.06.003 - MATERIAL DE INFORMÁTICA;3.2.2.06.003 - 1.08.01;3.2.2.06.003 - 1.08.01 - Cesar;0
Jan;CUSTEIO;Cesar;DESPESAS ADMINISTRATIVAS;DESPESAS ADMINISTRATIVAS;MATERIAL DE INFORMÁTICA;DESPESAS ADMINISTRATIVAS;0;;217,5;217,5;Orçado;217,5;0;Orçado;0;1;00:00:00;00:00:00;01/01/2026;D;3.2.2.06.003;Analitica;217,5;CAIXA DE EMENDA AEREA SELADA CABOS DE FIBRA OPTICA 12 A 72 FO;1.08.01;Tecnologia da Informação;217,5;Orçamento;Não;3.2.2.06.003 - MATERIAL DE INFORMÁTICA;3.2.2.06.003 - 1.08.01;3.2.2.06.003 - 1.08.01 - Cesar;0
Jan;CUSTEIO;Cesar;DESPESAS ADMINISTRATIVAS;DESPESAS ADMINISTRATIVAS;MATERIAL DE INFORMÁTICA;DESPESAS ADMINISTRATIVAS;0;;1931,67;1931,67;Orçado;1931,67;0;Orçado;0;1;00:00:00;00:00:00;01/01/2026;D;3.2.2.06.003;Analitica;1931,67;CABO UTP XL4P X24 AWG CAT6 GEL;1.08.01;Tecnologia da Informação;1931,67;Orçamento;Não;3.2.2.06.003 - MATERIAL DE INFORMÁTICA;3.2.2.06.003 - 1.08.01;3.2.2.06.003 - 1.08.01 - Cesar;0
Jan;CUSTEIO;Cesar;DESPESAS ADMINISTRATIVAS;DESPESAS ADMINISTRATIVAS;MATERIAL DE INFORMÁTICA;DESPESAS ADMINISTRATIVAS;0;;716,25;716,25;Orçado;716,25;0;Orçado;0;1;00:00:00;00:00:00;01/01/2026;D;3.2.2.06.003;Analitica;716,25;PATCH CORD CAT6 2MTS FURUKAWA;1.08.01;Tecnologia da Informação;716,25;Orçamento;Não;3.2.2.06.003 - MATERIAL DE INFORMÁTICA;3.2.2.06.003 - 1.08.01;3.2.2.06.003 - 1.08.01 - Cesar;0
Jan;CUSTEIO;Cesar;DESPESAS ADMINISTRATIVAS;DESPESAS ADMINISTRATIVAS;MATERIAL DE INFORMÁTICA;DESPESAS ADMINISTRATIVAS;0;;316,25;316,25;Orçado;316,25;0;Orçado;0;1;00:00:00;00:00:00;01/01/2026;D;3.2.2.06.003;Analitica;316,25;Tampa cega para rack 1 U Furukawa;1.08.01;Tecnologia da Informação;316,25;Orçamento;Não;3.2.2.06.003 - MATERIAL DE INFORMÁTICA;3.2.2.06.003 - 1.08.01;3.2.2.06.003 - 1.08.01 - Cesar;0
Jan;CUSTEIO;Cesar;DESPESAS ADMINISTRATIVAS;DESPESAS ADMINISTRATIVAS;MATERIAL DE INFORMÁTICA;DESPESAS ADMINISTRATIVAS;0;;1878,33;1878,33;Orçado;1878,33;0;Orçado;0;1;00:00:00;00:00:00;01/01/2026;D;3.2.2.06.003;Analitica;1878,33;Organizador de cabo de rede para rack 1U Furukawa;1.08.01;Tecnologia da Informação;1878,33;Orçamento;Não;3.2.2.06.003 - MATERIAL DE INFORMÁTICA;3.2.2.06.003 - 1.08.01;3.2.2.06.003 - 1.08.01 - Cesar;0
Jan;CUSTEIO;Cesar;DESPESAS ADMINISTRATIVAS;DESPESAS ADMINISTRATIVAS;MATERIAL DE INFORMÁTICA;DESPESAS ADMINISTRATIVAS;0;;154,165;154,165;Orçado;154,165;0;Orçado;0;1;00:00:00;00:00:00;01/01/2026;D;3.2.2.06.003;Analitica;154,165;PatchPanel descarregado 1U Furukawa 24portas;1.08.01;Tecnologia da Informação;154,165;Orçamento;Não;3.2.2.06.003 - MATERIAL DE INFORMÁTICA;3.2.2.06.003 - 1.08.01;3.2.2.06.003 - 1.08.01 - Cesar;0
Jan;CUSTEIO;Cesar;DESPESAS ADMINISTRATIVAS;DESPESAS ADMINISTRATIVAS;MATERIAL DE INFORMÁTICA;DESPESAS ADMINISTRATIVAS;0;;469,585;469,585;Orçado;469,585;0;Orçado;0;1;00:00:00;00:00:00;01/01/2026;D;3.2.2.06.003;Analitica;469,585;Patch Panel 48 portas Descarregado;1.08.01;Tecnologia da Informação;469,585;Orçamento;Não;3.2.2.06.003 - MATERIAL DE INFORMÁTICA;3.2.2.06.003 - 1.08.01;3.2.2.06.003 - 1.08.01 - Cesar;0
Jan;CUSTEIO;Cesar;DESPESAS ADMINISTRATIVAS;DESPESAS ADMINISTRATIVAS;MATERIAL DE INFORMÁTICA;DESPESAS ADMINISTRATIVAS;0;;433,888;433,888;Orçado;433,888;0;Orçado;0;1;00:00:00;00:00:00;01/01/2026;D;3.2.2.06.003;Analitica;433,888;Caixa de cabo de rede;1.08.01;Tecnologia da Informação;433,888;Orçamento;Não;3.2.2.06.003 - MATERIAL DE INFORMÁTICA;3.2.2.06.003 - 1.08.01;3.2.2.06.003 - 1.08.01 - Cesar;0
Jan;CUSTEIO;Cesar;DESPESAS ADMINISTRATIVAS;DESPESAS ADMINISTRATIVAS;MATERIAL DE INFORMÁTICA;DESPESAS ADMINISTRATIVAS;0;;730,1;730,1;Orçado;730,1;0;Orçado;0;1;00:00:00;00:00:00;01/01/2026;D;3.2.2.06.003;Analitica;730,1;Antenas Wifi - reposição;1.08.01;Tecnologia da Informação;730,1;Orçamento;Não;3.2.2.06.003 - MATERIAL DE INFORMÁTICA;3.2.2.06.003 - 1.08.01;3.2.2.06.003 - 1.08.01 - Cesar;0
Jan;CUSTEIO;Cesar;DESPESAS ADMINISTRATIVAS;DESPESAS ADMINISTRATIVAS;MATERIAL DE INFORMÁTICA;DESPESAS ADMINISTRATIVAS;0;;262,36665;262,36665;Orçado;262,36665;0;Orçado;0;1;00:00:00;00:00:00;01/01/2026;D;3.2.2.06.003;Analitica;262,36665;Teclado e Mouse Sem Fio Dell KM3322W  - reposição;1.08.01;Tecnologia da Informação;262,36665;Orçamento;Não;3.2.2.06.003 - MATERIAL DE INFORMÁTICA;3.2.2.06.003 - 1.08.01;3.2.2.06.003 - 1.08.01 - Cesar;0
Jan;CUSTEIO;Cesar;DESPESAS ADMINISTRATIVAS;DESPESAS ADMINISTRATIVAS;MATERIAL DE INFORMÁTICA;DESPESAS ADMINISTRATIVAS;0;;208,6;208,6;Orçado;208,6;0;Orçado;0;1;00:00:00;00:00:00;01/01/2026;D;3.2.2.06.003;Analitica;208,6;Headset Poly Blackwire C3220 - reposição;1.08.01;Tecnologia da Informação;208,6;Orçamento;Não;3.2.2.06.003 - MATERIAL DE INFORMÁTICA;3.2.2.06.003 - 1.08.01;3.2.2.06.003 - 1.08.01 - Cesar;0
Jan;CUSTEIO;Cesar;UTILIDADES;CONSUMO DE UTILIDADES;TELEFONE;CONSUMO DE UTILIDADES;0;;3000;3000;Orçado;3000;0;Orçado;0;1;00:00:00;00:00:00;01/01/2026;D;3.2.2.05.003;Analitica;3000;Embratel;1.08.01;Tecnologia da Informação;3000;Orçamento;Não;3.2.2.05.003 - TELEFONE;3.2.2.05.003 - 1.08.01;3.2.2.05.003 - 1.08.01 - Cesar;1
Jan;CUSTEIO;Cesar;UTILIDADES;CONSUMO DE UTILIDADES;TELEFONE;CONSUMO DE UTILIDADES;0;;232,14;232,14;Orçado;232,14;0;Orçado;0;1;00:00:00;00:00:00;01/01/2026;D;3.2.2.05.003;Analitica;232,14;Vivo Movel 5 linhas ;1.08.01;Tecnologia da Informação;232,14;Orçamento;Não;3.2.2.05.003 - TELEFONE;3.2.2.05.003 - 1.08.01;3.2.2.05.003 - 1.08.01 - Cesar;1
Jan;CUSTEIO;Cesar;UTILIDADES;CONSUMO DE UTILIDADES;TELEFONE;CONSUMO DE UTILIDADES;0;;5450,91;5450,91;Orçado;5450,91;0;Orçado;0;1;00:00:00;00:00:00;01/01/2026;D;3.2.2.05.003;Analitica;5450,91;Vivo Movel 105 linhas;1.08.01;Tecnologia da Informação;5450,91;Orçamento;Não;3.2.2.05.003 - TELEFONE;3.2.2.05.003 - 1.08.01;3.2.2.05.003 - 1.08.01 - Cesar;1
Jan;CUSTEIO;Cesar;UTILIDADES;CONSUMO DE UTILIDADES;TELEFONE;CONSUMO DE UTILIDADES;0;;5586,2;5586,2;Orçado;5586,2;0;Orçado;0;1;00:00:00;00:00:00;01/01/2026;D;3.2.2.05.003;Analitica;5586,2;Vivo Voz Corportativo (2490-2000);1.08.01;Tecnologia da Informação;5586,2;Orçamento;Não;3.2.2.05.003 - TELEFONE;3.2.2.05.003 - 1.08.01;3.2.2.05.003 - 1.08.01 - Cesar;1
Jan;CUSTEIO;Cesar;UTILIDADES;CONSUMO DE UTILIDADES;INTERNET;CONSUMO DE UTILIDADES;0;;4059,8;4059,8;Orçado;4059,8;0;Orçado;0;1;00:00:00;00:00:00;01/01/2026;D;3.2.2.05.005;Analitica;4059,8;Anti DDOS;1.08.01;Tecnologia da Informação;4059,8;Orçamento;Não;3.2.2.05.005 - INTERNET;3.2.2.05.005 - 1.08.01;3.2.2.05.005 - 1.08.01 - Cesar;0
Jan;CUSTEIO;Cesar;UTILIDADES;CONSUMO DE UTILIDADES;INTERNET;CONSUMO DE UTILIDADES;0;;288,32;288,32;Orçado;288,32;0;Orçado;0;1;00:00:00;00:00:00;01/01/2026;D;3.2.2.05.005;Analitica;288,32;Monitora Dados 1Gb;1.08.01;Tecnologia da Informação;288,32;Orçamento;Não;3.2.2.05.005 - INTERNET;3.2.2.05.005 - 1.08.01;3.2.2.05.005 - 1.08.01 - Cesar;0
Jan;CUSTEIO;Cesar;UTILIDADES;CONSUMO DE UTILIDADES;INTERNET;CONSUMO DE UTILIDADES;0;;276,66;276,66;Orçado;276,66;0;Orçado;0;1;00:00:00;00:00:00;01/01/2026;D;3.2.2.05.005;Analitica;276,66;Monitora Dados 400Mb;1.08.01;Tecnologia da Informação;276,66;Orçamento;Não;3.2.2.05.005 - INTERNET;3.2.2.05.005 - 1.08.01;3.2.2.05.005 - 1.08.01 - Cesar;0
Jan;CUSTEIO;Cesar;UTILIDADES;CONSUMO DE UTILIDADES;INTERNET;CONSUMO DE UTILIDADES;0;;15070;15070;Orçado;15070;0;Orçado;0;1;00:00:00;00:00:00;01/01/2026;D;3.2.2.05.005;Analitica;15070;IP Dedicado 1Gb;1.08.01;Tecnologia da Informação;15070;Orçamento;Não;3.2.2.05.005 - INTERNET;3.2.2.05.005 - 1.08.01;3.2.2.05.005 - 1.08.01 - Cesar;0
Jan;CUSTEIO;Cesar;UTILIDADES;CONSUMO DE UTILIDADES;INTERNET;CONSUMO DE UTILIDADES;0;;3930;3930;Orçado;3930;0;Orçado;0;1;00:00:00;00:00:00;01/01/2026;D;3.2.2.05.005;Analitica;3930;IP Dedicado 400Mb;1.08.01;Tecnologia da Informação;3930;Orçamento;Não;3.2.2.05.005 - INTERNET;3.2.2.05.005 - 1.08.01;3.2.2.05.005 - 1.08.01 - Cesar;0
Jan;CUSTEIO;Cesar;UTILIDADES;CONSUMO DE UTILIDADES;INTERNET;CONSUMO DE UTILIDADES;0;;10300;10300;Orçado;10300;0;Orçado;0;1;00:00:00;00:00:00;01/01/2026;D;3.2.2.05.005;Analitica;10300;Link Dados 1GB NETTOP;1.08.01;Tecnologia da Informação;10300;Orçamento;Não;3.2.2.05.005 - INTERNET;3.2.2.05.005 - 1.08.01;3.2.2.05.005 - 1.08.01 - Cesar;0
Jan;CUSTEIO;Cesar;DESPESAS ADMINISTRATIVAS;DESPESAS ADMINISTRATIVAS;PACOTE OFFICE WEB MICROSOFT 365;DESPESAS ADMINISTRATIVAS;0;;20000;20000;Orçado;20000;0;Orçado;0;1;00:00:00;00:00:00;01/01/2026;D;3.2.2.06.008;Analitica;20000;Vivo Plataforma Digital (Microsoft 365);1.08.01;Tecnologia da Informação;20000;Orçamento;Não;3.2.2.06.008 - PACOTE OFFICE WEB MICROSOFT 365;3.2.2.06.008 - 1.08.01;3.2.2.06.008 - 1.08.01 - Cesar;0
Jan;CUSTEIO;Cesar;LOCAÇÕES DE MÁQUINAS, EQUIPS, VEÍC.;ALUGUEIS E LOCAÇÕES;LOCAÇÕES DE SOFTWARES;ALUGUEIS E LOCAÇÕES;0;;1666;1666;Orçado;1666;0;Orçado;0;1;00:00:00;00:00:00;01/01/2026;D;3.2.2.04.003;Analitica;1666;licenças para antivirus;1.08.01;Tecnologia da Informação;1666;Orçamento;Não;3.2.2.04.003 - LOCAÇÕES DE SOFTWARES;3.2.2.04.003 - 1.08.01;3.2.2.04.003 - 1.08.01 - Cesar;0
Jan;CUSTEIO;Cesar;LOCAÇÕES DE MÁQUINAS, EQUIPS, VEÍC.;ALUGUEIS E LOCAÇÕES;LOCAÇÕES DE SOFTWARES;ALUGUEIS E LOCAÇÕES;0;;1904;1904;Orçado;1904;0;Orçado;0;1;00:00:00;00:00:00;01/01/2026;D;3.2.2.04.003;Analitica;1904;Software de Ia para criação de APP;1.08.01;Tecnologia da Informação;1904;Orçamento;Não;3.2.2.04.003 - LOCAÇÕES DE SOFTWARES;3.2.2.04.003 - 1.08.01;3.2.2.04.003 - 1.08.01 - Cesar;0
Jan;CUSTEIO;Cesar;LOCAÇÕES DE MÁQUINAS, EQUIPS, VEÍC.;ALUGUEIS E LOCAÇÕES;LOCAÇÕES DE SOFTWARES;ALUGUEIS E LOCAÇÕES;0;;10360;10360;Orçado;10360;0;Orçado;0;1;00:00:00;00:00:00;01/01/2026;D;3.2.2.04.003;Analitica;10360;Digital Ocean;1.08.01;Tecnologia da Informação;10360;Orçamento;Não;3.2.2.04.003 - LOCAÇÕES DE SOFTWARES;3.2.2.04.003 - 1.08.01;3.2.2.04.003 - 1.08.01 - Cesar;0
Jan;CUSTEIO;Cesar;LOCAÇÕES DE MÁQUINAS, EQUIPS, VEÍC.;ALUGUEIS E LOCAÇÕES;LOCAÇÕES DE SOFTWARES;ALUGUEIS E LOCAÇÕES;0;;16870,19;16870,19;Orçado;16870,19;0;Orçado;0;1;00:00:00;00:00:00;01/01/2026;D;3.2.2.04.003;Analitica;16870,19;Microsfot Azure;1.08.01;Tecnologia da Informação;16870,19;Orçamento;Não;3.2.2.04.003 - LOCAÇÕES DE SOFTWARES;3.2.2.04.003 - 1.08.01;3.2.2.04.003 - 1.08.01 - Cesar;0
Jan;CUSTEIO;Cesar;LOCAÇÕES DE MÁQUINAS, EQUIPS, VEÍC.;ALUGUEIS E LOCAÇÕES;LOCAÇÕES DE SOFTWARES;ALUGUEIS E LOCAÇÕES;0;;47136,6;47136,6;Orçado;47136,6;0;Orçado;0;1;00:00:00;00:00:00;01/01/2026;D;3.2.2.04.003;Analitica;47136,6;Safetica licenças;1.08.01;Tecnologia da Informação;47136,6;Orçamento;Não;3.2.2.04.003 - LOCAÇÕES DE SOFTWARES;3.2.2.04.003 - 1.08.01;3.2.2.04.003 - 1.08.01 - Cesar;0
Jan;CUSTEIO;Cesar;LOCAÇÕES DE MÁQUINAS, EQUIPS, VEÍC.;ALUGUEIS E LOCAÇÕES;LOCAÇÕES DE SOFTWARES;ALUGUEIS E LOCAÇÕES;0;;3484,91;3484,91;Orçado;3484,91;0;Orçado;0;1;00:00:00;00:00:00;01/01/2026;D;3.2.2.04.003;Analitica;3484,91;Vivo Managed Security Service 1 (Firewall);1.08.01;Tecnologia da Informação;3484,91;Orçamento;Não;3.2.2.04.003 - LOCAÇÕES DE SOFTWARES;3.2.2.04.003 - 1.08.01;3.2.2.04.003 - 1.08.01 - Cesar;0
Jan;CUSTEIO;Cesar;SUPORTE DE INFORMÁTICA;DESPESAS DE BENS E SERVIÇOS;SUPORTE DE INFORMÁTICA E TI;DESPESAS DE BENS E SERVIÇOS;0;;1875;1875;Orçado;1875;0;Orçado;0;1;00:00:00;00:00:00;01/01/2026;D;3.2.2.01.011;Analitica;1875;ONT;1.08.01;Tecnologia da Informação;1875;Orçamento;Não;3.2.2.01.011 - SUPORTE DE INFORMÁTICA E TI;3.2.2.01.011 - 1.08.01;3.2.2.01.011 - 1.08.01 - Cesar;0
Jan;CUSTEIO;Cesar;SUPORTE DE INFORMÁTICA;DESPESAS DE BENS E SERVIÇOS;SUPORTE DE INFORMÁTICA E TI;DESPESAS DE BENS E SERVIÇOS;0;;5250;5250;Orçado;5250;0;Orçado;0;1;00:00:00;00:00:00;01/01/2026;D;3.2.2.01.011;Analitica;5250;Power Injector;1.08.01;Tecnologia da Informação;5250;Orçamento;Não;3.2.2.01.011 - SUPORTE DE INFORMÁTICA E TI;3.2.2.01.011 - 1.08.01;3.2.2.01.011 - 1.08.01 - Cesar;0
Jan;CUSTEIO;Cesar;SUPORTE DE INFORMÁTICA;DESPESAS DE BENS E SERVIÇOS;SUPORTE DE INFORMÁTICA E TI;DESPESAS DE BENS E SERVIÇOS;0;;3333,33;3333,33;Orçado;3333,33;0;Orçado;0;1;00:00:00;00:00:00;01/01/2026;D;3.2.2.01.011;Analitica;3333,33;Insumos Cancela;1.08.01;Tecnologia da Informação;3333,33;Orçamento;Não;3.2.2.01.011 - SUPORTE DE INFORMÁTICA E TI;3.2.2.01.011 - 1.08.01;3.2.2.01.011 - 1.08.01 - Cesar;0
Jan;CUSTEIO;Cesar;SUPORTE DE INFORMÁTICA;DESPESAS DE BENS E SERVIÇOS;SUPORTE DE INFORMÁTICA E TI;DESPESAS DE BENS E SERVIÇOS;0;;6600;6600;Orçado;6600;0;Orçado;0;1;00:00:00;00:00:00;01/01/2026;D;3.2.2.01.011;Analitica;6600;Nobreak 10kva;1.08.01;Tecnologia da Informação;6600;Orçamento;Não;3.2.2.01.011 - SUPORTE DE INFORMÁTICA E TI;3.2.2.01.011 - 1.08.01;3.2.2.01.011 - 1.08.01 - Cesar;0
Jan;CUSTEIO;Cesar;SUPORTE DE INFORMÁTICA;DESPESAS DE BENS E SERVIÇOS;SUPORTE DE INFORMÁTICA E TI;DESPESAS DE BENS E SERVIÇOS;0;;1791,67;1791,67;Orçado;1791,67;0;Orçado;0;1;00:00:00;00:00:00;01/01/2026;D;3.2.2.01.011;Analitica;1791,67;Nobreak 1,5kva rack;1.08.01;Tecnologia da Informação;1791,67;Orçamento;Não;3.2.2.01.011 - SUPORTE DE INFORMÁTICA E TI;3.2.2.01.011 - 1.08.01;3.2.2.01.011 - 1.08.01 - Cesar;0
Jan;CUSTEIO;Cesar;SUPORTE DE INFORMÁTICA;DESPESAS DE BENS E SERVIÇOS;SUPORTE DE INFORMÁTICA E TI;DESPESAS DE BENS E SERVIÇOS;0;;350;350;Orçado;350;0;Orçado;0;1;00:00:00;00:00:00;01/01/2026;D;3.2.2.01.011;Analitica;350;Mochila dell;1.08.01;Tecnologia da Informação;350;Orçamento;Não;3.2.2.01.011 - SUPORTE DE INFORMÁTICA E TI;3.2.2.01.011 - 1.08.01;3.2.2.01.011 - 1.08.01 - Cesar;0
Jan;CUSTEIO;Cesar;SUPORTE DE INFORMÁTICA;DESPESAS DE BENS E SERVIÇOS;SUPORTE DE INFORMÁTICA E TI;DESPESAS DE BENS E SERVIÇOS;0;;625;625;Orçado;625;0;Orçado;0;1;00:00:00;00:00:00;01/01/2026;D;3.2.2.01.011;Analitica;625;Keystone;1.08.01;Tecnologia da Informação;625;Orçamento;Não;3.2.2.01.011 - SUPORTE DE INFORMÁTICA E TI;3.2.2.01.011 - 1.08.01;3.2.2.01.011 - 1.08.01 - Cesar;0
Jan;CUSTEIO;Cesar;SUPORTE DE INFORMÁTICA;DESPESAS DE BENS E SERVIÇOS;SUPORTE DE INFORMÁTICA E TI;DESPESAS DE BENS E SERVIÇOS;0;;4166,67;4166,67;Orçado;4166,67;0;Orçado;0;1;00:00:00;00:00:00;01/01/2026;D;3.2.2.01.011;Analitica;4166,67;Atualização infraestrutura fibra;1.08.01;Tecnologia da Informação;4166,67;Orçamento;Não;3.2.2.01.011 - SUPORTE DE INFORMÁTICA E TI;3.2.2.01.011 - 1.08.01;3.2.2.01.011 - 1.08.01 - Cesar;0
Jan;CUSTEIO;Cesar;SUPORTE DE INFORMÁTICA;DESPESAS DE BENS E SERVIÇOS;SUPORTE DE INFORMÁTICA E TI;DESPESAS DE BENS E SERVIÇOS;0;;882;882;Orçado;882;0;Orçado;0;1;00:00:00;00:00:00;01/01/2026;D;3.2.2.01.011;Analitica;882;AvePoint (Backup Sharepoint);1.08.01;Tecnologia da Informação;882;Orçamento;Não;3.2.2.01.011 - SUPORTE DE INFORMÁTICA E TI;3.2.2.01.011 - 1.08.01;3.2.2.01.011 - 1.08.01 - Cesar;0
Jan;CUSTEIO;Cesar;SUPORTE DE INFORMÁTICA;DESPESAS DE BENS E SERVIÇOS;SUPORTE DE INFORMÁTICA E TI;DESPESAS DE BENS E SERVIÇOS;0;;3407,481;3407,481;Orçado;3407,481;0;Orçado;0;1;00:00:00;00:00:00;01/01/2026;D;3.2.2.01.011;Analitica;3407,481;Manutenção nobreaks troca de baterias;1.08.01;Tecnologia da Informação;3407,481;Orçamento;Não;3.2.2.01.011 - SUPORTE DE INFORMÁTICA E TI;3.2.2.01.011 - 1.08.01;3.2.2.01.011 - 1.08.01 - Cesar;0
Jan;CUSTEIO;Cesar;SUPORTE DE INFORMÁTICA;DESPESAS DE BENS E SERVIÇOS;SUPORTE DE INFORMÁTICA E TI;DESPESAS DE BENS E SERVIÇOS;0;;6600;6600;Orçado;6600;0;Orçado;0;1;00:00:00;00:00:00;01/01/2026;D;3.2.2.01.011;Analitica;6600;Sharepoint;1.08.01;Tecnologia da Informação;6600;Orçamento;Não;3.2.2.01.011 - SUPORTE DE INFORMÁTICA E TI;3.2.2.01.011 - 1.08.01;3.2.2.01.011 - 1.08.01 - Cesar;0
Jan;CUSTEIO;Cesar;SUPORTE DE INFORMÁTICA;DESPESAS DE BENS E SERVIÇOS;SUPORTE DE INFORMÁTICA E TI;DESPESAS DE BENS E SERVIÇOS;0;;369,6;369,6;Orçado;369,6;0;Orçado;0;1;00:00:00;00:00:00;01/01/2026;D;3.2.2.01.011;Analitica;369,6;Snapshooter;1.08.01;Tecnologia da Informação;369,6;Orçamento;Não;3.2.2.01.011 - SUPORTE DE INFORMÁTICA E TI;3.2.2.01.011 - 1.08.01;3.2.2.01.011 - 1.08.01 - Cesar;0
Jan;CUSTEIO;Cesar;SUPORTE DE INFORMÁTICA;DESPESAS DE BENS E SERVIÇOS;SUPORTE DE INFORMÁTICA E TI;DESPESAS DE BENS E SERVIÇOS;0;;360;360;Orçado;360;0;Orçado;0;1;00:00:00;00:00:00;01/01/2026;D;3.2.2.01.011;Analitica;360;TeamTI - Safetica;1.08.01;Tecnologia da Informação;360;Orçamento;Não;3.2.2.01.011 - SUPORTE DE INFORMÁTICA E TI;3.2.2.01.011 - 1.08.01;3.2.2.01.011 - 1.08.01 - Cesar;0
Jan;CUSTEIO;Cesar;SUPORTE DE INFORMÁTICA;DESPESAS DE BENS E SERVIÇOS;SUPORTE DE INFORMÁTICA E TI;DESPESAS DE BENS E SERVIÇOS;0;;76139;76139;Orçado;76139;0;Orçado;0;1;00:00:00;00:00:00;01/01/2026;D;3.2.2.01.011;Analitica;76139;NAG;1.08.01;Tecnologia da Informação;76139;Orçamento;Não;3.2.2.01.011 - SUPORTE DE INFORMÁTICA E TI;3.2.2.01.011 - 1.08.01;3.2.2.01.011 - 1.08.01 - Cesar;0
Jan;CUSTEIO;Cesar;SERVIÇOS DE SEGURANÇA;DESPESAS DE BENS E SERVIÇOS;MANUT. E MONITORAMENTO SEGURANÇA;DESPESAS DE BENS E SERVIÇOS;0;;4283,49;4283,49;Orçado;4283,49;0;Orçado;0;1;00:00:00;00:00:00;01/01/2026;D;3.2.2.01.020;Analitica;4283,49;OL Tecnologia;1.08.01;Tecnologia da Informação;4283,49;Orçamento;Não;3.2.2.01.020 - MANUT. E MONITORAMENTO SEGURANÇA;3.2.2.01.020 - 1.08.01;3.2.2.01.020 - 1.08.01 - Cesar;0
Jan;CUSTEIO;Cesar;SERVIÇOS DE SEGURANÇA;DESPESAS DE BENS E SERVIÇOS;MANUT. E MONITORAMENTO SEGURANÇA;DESPESAS DE BENS E SERVIÇOS;0;;6123,7715;6123,7715;Orçado;6123,7715;0;Orçado;0;1;00:00:00;00:00:00;01/01/2026;D;3.2.2.01.020;Analitica;6123,7715;Nokia 35%;1.08.01;Tecnologia da Informação;6123,7715;Orçamento;Não;3.2.2.01.020 - MANUT. E MONITORAMENTO SEGURANÇA;3.2.2.01.020 - 1.08.01;3.2.2.01.020 - 1.08.01 - Cesar;0
Jan;CUSTEIO;Cesar;SERVIÇOS DE SEGURANÇA;DESPESAS DE BENS E SERVIÇOS;MANUT. E MONITORAMENTO SEGURANÇA;DESPESAS DE BENS E SERVIÇOS;0;;11372,7185;11372,7185;Orçado;11372,7185;0;Orçado;0;1;00:00:00;00:00:00;01/01/2026;D;3.2.2.01.020;Analitica;11372,7185;Nokia 65%;1.08.01;Tecnologia da Informação;11372,7185;Orçamento;Não;3.2.2.01.020 - MANUT. E MONITORAMENTO SEGURANÇA;3.2.2.01.020 - 1.08.01;3.2.2.01.020 - 1.08.01 - Cesar;0
Jan;CUSTEIO;Cesar;LOCAÇÕES DE MÁQUINAS, EQUIPS, VEÍC.;ALUGUEIS E LOCAÇÕES;LOCAÇÃO DE IMPRESSORAS;ALUGUEIS E LOCAÇÕES;0;;8000;8000;Orçado;8000;0;Orçado;0;1;00:00:00;00:00:00;01/01/2026;D;3.2.2.04.004;Analitica;8000;Reis Office;1.08.01;Tecnologia da Informação;8000;Orçamento;Não;3.2.2.04.004 - LOCAÇÃO DE IMPRESSORAS;3.2.2.04.004 - 1.08.01;3.2.2.04.004 - 1.08.01 - Cesar;0
Jan;CUSTEIO;Cesar;DESPESAS ADMINISTRATIVAS;DESPESAS ADMINISTRATIVAS;ASSINATURAS (PERIÓDICOS, TVS, SOFTWARE);DESPESAS ADMINISTRATIVAS;0;;765;765;Orçado;765;0;Orçado;0;1;00:00:00;00:00:00;01/01/2026;D;3.2.2.06.006;Analitica;765;IBM MaaS360;1.08.01;Tecnologia da Informação;765;Orçamento;Não;3.2.2.06.006 - ASSINATURAS (PERIÓDICOS, TVS, SOFTWARE);3.2.2.06.006 - 1.08.01;3.2.2.06.006 - 1.08.01 - Cesar;0
Jan;CUSTEIO;Cesar;DESPESAS ADMINISTRATIVAS;DESPESAS ADMINISTRATIVAS;ASSINATURAS (PERIÓDICOS, TVS, SOFTWARE);DESPESAS ADMINISTRATIVAS;0;;175,224;175,224;Orçado;175,224;0;Orçado;0;1;00:00:00;00:00:00;01/01/2026;D;3.2.2.06.006;Analitica;175,224;Dyadpro;1.08.01;Tecnologia da Informação;175,224;Orçamento;Não;3.2.2.06.006 - ASSINATURAS (PERIÓDICOS, TVS, SOFTWARE);3.2.2.06.006 - 1.08.01;3.2.2.06.006 - 1.08.01 - Cesar;0
Jan;CUSTEIO;Cesar;DESPESAS ADMINISTRATIVAS;DESPESAS ADMINISTRATIVAS;ASSINATURAS (PERIÓDICOS, TVS, SOFTWARE);DESPESAS ADMINISTRATIVAS;0;;177,31;177,31;Orçado;177,31;0;Orçado;0;1;00:00:00;00:00:00;01/01/2026;D;3.2.2.06.006;Analitica;177,31;Supabase;1.08.01;Tecnologia da Informação;177,31;Orçamento;Não;3.2.2.06.006 - ASSINATURAS (PERIÓDICOS, TVS, SOFTWARE);3.2.2.06.006 - 1.08.01;3.2.2.06.006 - 1.08.01 - Cesar;0
Jan;CUSTEIO;Cesar;DESPESAS ADMINISTRATIVAS;DESPESAS ADMINISTRATIVAS;ASSINATURAS (PERIÓDICOS, TVS, SOFTWARE);DESPESAS ADMINISTRATIVAS;0;;272,223;272,223;Orçado;272,223;0;Orçado;0;1;00:00:00;00:00:00;01/01/2026;D;3.2.2.06.006;Analitica;272,223;Slack;1.08.01;Tecnologia da Informação;272,223;Orçamento;Não;3.2.2.06.006 - ASSINATURAS (PERIÓDICOS, TVS, SOFTWARE);3.2.2.06.006 - 1.08.01;3.2.2.06.006 - 1.08.01 - Cesar;0
Jan;CUSTEIO;Cesar;DESPESAS ADMINISTRATIVAS;DESPESAS ADMINISTRATIVAS;ASSINATURAS (PERIÓDICOS, TVS, SOFTWARE);DESPESAS ADMINISTRATIVAS;0;;312,9;312,9;Orçado;312,9;0;Orçado;0;1;00:00:00;00:00:00;01/01/2026;D;3.2.2.06.006;Analitica;312,9;OpenRouter;1.08.01;Tecnologia da Informação;312,9;Orçamento;Não;3.2.2.06.006 - ASSINATURAS (PERIÓDICOS, TVS, SOFTWARE);3.2.2.06.006 - 1.08.01;3.2.2.06.006 - 1.08.01 - Cesar;0
Jan;CUSTEIO;Cesar;DESPESAS ADMINISTRATIVAS;DESPESAS ADMINISTRATIVAS;ASSINATURAS (PERIÓDICOS, TVS, SOFTWARE);DESPESAS ADMINISTRATIVAS;0;;178;178;Orçado;178;0;Orçado;0;1;00:00:00;00:00:00;01/01/2026;D;3.2.2.06.006;Analitica;178;API Whatsapp;1.08.01;Tecnologia da Informação;178;Orçamento;Não;3.2.2.06.006 - ASSINATURAS (PERIÓDICOS, TVS, SOFTWARE);3.2.2.06.006 - 1.08.01;3.2.2.06.006 - 1.08.01 - Cesar;0
Jan;CUSTEIO;Cesar;DESPESAS ADMINISTRATIVAS;DESPESAS ADMINISTRATIVAS;ASSINATURAS (PERIÓDICOS, TVS, SOFTWARE);DESPESAS ADMINISTRATIVAS;0;;1251,6;1251,6;Orçado;1251,6;0;Orçado;0;1;00:00:00;00:00:00;01/01/2026;D;3.2.2.06.006;Analitica;1251,6;Notion;1.08.01;Tecnologia da Informação;1251,6;Orçamento;Não;3.2.2.06.006 - ASSINATURAS (PERIÓDICOS, TVS, SOFTWARE);3.2.2.06.006 - 1.08.01;3.2.2.06.006 - 1.08.01 - Cesar;0
Jan;CUSTEIO;Cesar;DESPESAS ADMINISTRATIVAS;DESPESAS ADMINISTRATIVAS;ASSINATURAS (PERIÓDICOS, TVS, SOFTWARE);DESPESAS ADMINISTRATIVAS;0;;83,44;83,44;Orçado;83,44;0;Orçado;0;1;00:00:00;00:00:00;01/01/2026;D;3.2.2.06.006;Analitica;83,44;Icloud Apple;1.08.01;Tecnologia da Informação;83,44;Orçamento;Não;3.2.2.06.006 - ASSINATURAS (PERIÓDICOS, TVS, SOFTWARE);3.2.2.06.006 - 1.08.01;3.2.2.06.006 - 1.08.01 - Cesar;0
Jan;CUSTEIO;Cesar;DESPESAS ADMINISTRATIVAS;DESPESAS ADMINISTRATIVAS;ASSINATURAS (PERIÓDICOS, TVS, SOFTWARE);DESPESAS ADMINISTRATIVAS;0;;874,5;874,5;Orçado;874,5;0;Orçado;0;1;00:00:00;00:00:00;01/01/2026;D;3.2.2.06.006;Analitica;874,5;Zapsign;1.08.01;Tecnologia da Informação;874,5;Orçamento;Não;3.2.2.06.006 - ASSINATURAS (PERIÓDICOS, TVS, SOFTWARE);3.2.2.06.006 - 1.08.01;3.2.2.06.006 - 1.08.01 - Cesar;0
Jan;CUSTEIO;Cesar;DESPESAS ADMINISTRATIVAS;DESPESAS ADMINISTRATIVAS;MATERIAL DE ESCRITÓRIO;DESPESAS ADMINISTRATIVAS;0;;33,75;33,75;Orçado;33,75;0;Orçado;0;1;00:00:00;00:00:00;01/01/2026;D;3.2.2.06.004;Analitica;33,75;Suporte Para Notebook Digitador Ergonômico Sn 1263;1.08.01;Tecnologia da Informação;33,75;Orçamento;Não;3.2.2.06.004 - MATERIAL DE ESCRITÓRIO;3.2.2.06.004 - 1.08.01;3.2.2.06.004 - 1.08.01 - Cesar;1
